companyName,company_starRating,job_title,employee_residence,listing_jobDesc,salary,requested_url,company_location,company_size
formaservices,1.0,EXPERT EN CYBERSÉCURITÉ : CYBER SECURITY ET METHODE EBIOS / Freelance,Puteaux,"STRATÉGIE ET MISE EN UVRE : Rédige des politiques et des standards de sécurité Identifie, propose et met en œuvre les outils et solutions techniques répondant à l'application de la PSSI (Politique de Sécurité des Systèmes d'Information) Établit et tient à jour la cartographie des menaces Sur les aspects techniques de la cybersécurité, identifie les activités de protection des SI et de lutte contre la cybercriminalité Assure l'analyse des relevés d'incidents et alertes CONSEIL ET SUPPORT AUPRÈS DES ÉQUIPES : Assiste et conseille dans le choix et l'utilisation des méthodes Informe sur les évolutions Forme les utilisateurs, intervenants techniques et autres relais opérationnels, aux nouvelles technologies et systèmes, en veillant à la bonne application des mesures techniques de sécurité Participe aux études et développement & conduite d'études ponctuelles MISE EN PLACE DES ÉVOLUTIONS ET CERTIFICATIONS : Définit, met en place et vérifie l'application des normes, méthodes, outils et référentiels Certifie les applications et composants développés, notamment par l'analyse des méthodes et outils de protection des données OUVERTURE EXTERNE ET VEILLE TECHNOLOGIQUE : Assure une veille technologique et développe un plan permettant d'appréhender les nouvelles menaces et de définir les mesures de protection à mettre en place pour lutter contre la cybercriminalité Participe aux colloques, forums, groupes de travail pour optimiser et améliorer les règles de sécurité et les scénarios visant à assurer la cybersécurité Est l'interlocuteur reconnu des experts externes (fournisseurs, partenaires...) STRATÉGIE ET MISE EN UVRE : Rédige des politiques et des standards de sécurité Identifie, propose et met en œuvre les outils et solutions techniques répondant à l'application de la PSSI (Politique de Sécurité des Systèmes d'Information) Établit et tient à jour la cartographie des menaces Sur les aspects techniques de la cybersécurité, identifie les activités de protection des SI et de lutte contre la cybercriminalité Assure l'analyse des relevés d'incidents et alertes CONSEIL ET SUPPORT AUPRÈS DES ÉQUIPES : Assiste et conseille dans le choix et l'utilisation des méthodes Informe sur les évolutions Forme les utilisateurs, intervenants techniques et autres relais opérationnels, aux nouvelles technologies et systèmes, en veillant à la bonne application des mesures techniques de sécurité Participe aux études et développement & conduite d'études ponctuelles MISE EN PLACE DES ÉVOLUTIONS ET CERTIFICATIONS : Définit, met en place et vérifie l'application des normes, méthodes, outils et référentiels Certifie les applications et composants développés, notamment par l'analyse des méthodes et outils de protection des données OUVERTURE EXTERNE ET VEILLE TECHNOLOGIQUE : Assure une veille technologique et développe un plan permettant d'appréhender les nouvelles menaces et de définir les mesures de protection à mettre en place pour lutter contre la cybercriminalité Participe aux colloques, forums, groupes de travail pour optimiser et améliorer les règles de sécurité et les scénarios visant à assurer la cybersécurité Est l'interlocuteur reconnu des experts externes (fournisseurs, partenaires...) Voir plus ",Estimation de l'employeur:€66 Par heure,https://www.glassdoor.fr/partner/jobListing.htm?pos=116&ao=1110586&s=58&guid=00000182b0a6667c9e0f48a59a92422c&src=GD_JOB_AD&t=SR&vt=w&cs=1_38b17f74&cb=1660821071966&jobListingId=1007986957315&cpc=334ABAF5D42DC775&jrtk=3-0-1gaoacppukhoo801-1gaoacpqdg2ok800-f23132b7301c6383--6NYlbfkN0AHHRM07jvZ_9CBb8QXW1-TjD3eGHqqfxA2uagtxfXOarXqP_IanWTdE2Rku-oimkRNQof7IxgJdY92LMF5iw20JC5RhcBstBHf36XNrMGYQgA4UxjFhhgp0_WzRjtv-3v46-Knzl53PYqH20NmWLv8MBBx3qkepgAYToo8dhr1PCtTVxt4suWaH-aejByPiWGMfCDYGY8Nz0xvj7QRt_kiAuebWGGnqfFQP_NAn_t5RcHShVlJI1bE9Df0EQ4iks0scMs20PauTRB8OnbFEzntQ1Uy55O993BhhCZiUUzyOn3p40bIjq0IYQPAk-GJ635pK3bK5nNMc3hRBnyJyE2XsQGJ1PZ0QplDmHRpuhNAKYjVJyOO_gQxu5HjCn-uwjYU7BfNvt64hLP9_MtaDsvRxIHVPXCHGo1NsNbJw4an9JUEFhX9wsh4I7LtqEaYs9AWsIMNiD6P_pGQRQ3sR0qNg8agAL8Qx2-VdTNk6sBVT5HuLugG2LSdPDjvTo_rRUDaXm8pNhLskeLBT7r-uiHIhQAxkSF-GSw-HB48kHUcN0YxbIHQkZ2YsO68VPRuAFERPrkl6FdQNX4XaXe1J7uTfydYOXMol6AJu6v9KLWxM_5enOz3oAwPeCHR6y_ag6HEzu2KbphEDg%3D%3D,"Marseille, France",Inconnu
formaservices,1.0,EXPERT EN CYBERSECURITE : CYBER SECURITY ET METHODE EBIOS (IT),Puteaux,"Descriptif de la mission :
STRATÉGIE ET MISE EN UVRE :
Rédige des politiques et des standards de sécurité
Identifie, propose et met en uvre les outils et solutions techniques répondant à l’application de
la PSSI (Politique de Sécurité des Systèmes d’Information)
Établit et tient à jour la cartographie des menaces
Sur les aspects techniques de la cybersécurité, identifie les activités de protection des SI et de lutte
contre la cybercriminalité
Assure l’analyse des relevés d’incidents et alertes

CONSEIL ET SUPPORT AUPRÈS DES ÉQUIPES :
Assiste et conseille dans le choix et l’utilisation des méthodes
Informe sur les évolutions
Forme les utilisateurs, intervenants techniques et autres relais opérationnels, aux nouvelles
technologies et systèmes, en veillant à la bonne application des mesures techniques de sécurité
Participe aux études et développement & conduite d’études ponctuelles

MISE EN PLACE DES ÉVOLUTIONS ET CERTIFICATIONS :
Définit, met en place et vérifie l’application des normes, méthodes, outils et référentiels
Certifie les applications et composants développés, notamment par l’analyse des méthodes et
outils de protection des données

OUVERTURE EXTERNE ET VEILLE TECHNOLOGIQUE :
Assure une veille technologique et développe un plan permettant d’appréhender les nouvelles
menaces et de définir les mesures de protection à mettre en place pour lutter contre la
cybercriminalité
Participe aux colloques, forums, groupes de travail pour optimiser et améliorer les règles de
sécurité et les scénarios visant à assurer la cybersécurité
Est l’interlocuteur reconnu des experts externes (fournisseurs, partenaires...)

Environnement Technique Descriptif de la mission :
STRATÉGIE ET MISE EN UVRE :
Rédige des politiques et des standards de sécurité
Identifie, propose et met en uvre les outils et solutions techniques répondant à l’application de
la PSSI (Politique de Sécurité des Systèmes d’Information)
Établit et tient à jour la cartographie des menaces
Sur les aspects techniques de la cybersécurité, identifie les activités de protection des SI et de lutte
contre la cybercriminalité
Assure l’analyse des relevés d’incidents et alertes

CONSEIL ET SUPPORT AUPRÈS DES ÉQUIPES :
Assiste et conseille dans le choix et l’utilisation des méthodes
Informe sur les évolutions
Forme les utilisateurs, intervenants techniques et autres relais opérationnels, aux nouvelles
technologies et systèmes, en veillant à la bonne application des mesures techniques de sécurité
Participe aux études et développement & conduite d’études ponctuelles

MISE EN PLACE DES ÉVOLUTIONS ET CERTIFICATIONS :
Définit, met en place et vérifie l’application des normes, méthodes, outils et référentiels
Certifie les applications et composants développés, notamment par l’analyse des méthodes et
outils de protection des données

OUVERTURE EXTERNE ET VEILLE TECHNOLOGIQUE :
Assure une veille technologique et développe un plan permettant d’appréhender les nouvelles
menaces et de définir les mesures de protection à mettre en place pour lutter contre la
cybercriminalité
Participe aux colloques, forums, groupes de travail pour optimiser et améliorer les règles de
sécurité et les scénarios visant à assurer la cybersécurité
Est l’interlocuteur reconnu des experts externes (fournisseurs, partenaires...)

Environnement Technique Voir plus ","Estimation de l'employeur:€78,000 - €82,000 ",https://www.glassdoor.fr/partner/jobListing.htm?pos=114&ao=1110586&s=58&guid=00000182b0a6667c9e0f48a59a92422c&src=GD_JOB_AD&t=SR&vt=w&cs=1_40cd0036&cb=1660821071966&jobListingId=1008002216948&cpc=3BA4CE39D5B5DEF5&jrtk=3-0-1gaoacppukhoo801-1gaoacpqdg2ok800-562183113a1dc8ba--6NYlbfkN0AHHRM07jvZ_9CBb8QXW1-TjD3eGHqqfxA2uagtxfXOarXqP_IanWTdyjAHn3fsRStEcdftjscQwQVdhwHZEg5BCFfjJ-NQecO-2sBdvibHDYAe2PU5pKXtDDgh8iZqEv39v3POtyhAnT-Bnt8TKHZIz_52212hIJqLvmCV6wKGt3Csb51aaTJEQmpXjObRBnM-EcncJ9vnSB8h_7ynH8ir9VZy_sApWhZXE83e8ls4WhSJ3r0sSOKWbZ3WH5bqFIltcZb0CGOQwRwxRc8DlTUJJqLbel6jB-WNhnyztuyNtBrcAxEnaHNliLH5E20OLwkFjPz3QNJqG7kENzu980tWchfCtu9kt7z9V8rkhE4I8_ni3Z7GB7ayPes_6KzQi35FRgGceTfFT5MPC36TQ952X_Zp6zhiYAcyPXgm7dYFQC4QdwaYdKtFeUYHAked1sx_u55-kMMg-AsALByU93S84TLRu0krcqdRp5ucL7UeLarFNtcFgR32wsJAI9Jc1JqLdCnyhksXWTvxluLlFtNryMAazvH95AjEwelSWBRpDC4XENpAFtRPTb2KZmQVggkCVZYDbKLA0pgip4YomLwiWfeEa8L9uUefrK_vzdNC-KF-DMNpmC6L9OIIVY0B32I50GSKYJWGNoD9keXqYl4ZInYBETI5WDMYh7_QJqx2WLlSSqCGCwm83VbKJpFfemD_H680HCAH_4fsSYPAzE3d2_SISuHQYjNfujY59Q0se9EObsp0XEH8na3dj-Hut5FK_q3u2O5gFFdalNMW5PJj,"Marseille, France",Inconnu
BEEZEN,3.3,PMO JUNIOR / Freelance,Rueil-Malmaison,"Je recherche un PMO Junior Objectifs de la mission Le stream Simulation fournit les API de simulation ainsi les outils de points de vente aux commerçants permettant aux clients de souscrire aux produits en marque blanche. Prestations demandées - Suivre les plan d'actions avec les équipes internes (Arval) et le partenaire externe - Suivre les risques et dépendances avec les parties prenantes : API design authority, architecture, infrastructure and applications, cyber security, ... - Animer les synchronisation des squads pendant la phase de Testing d'intégration et de UAT - Préparer et animer les comités opérationnels et de pilotage - Contribuer à la définition des process de mise en production de nouveaux assets (ex. API) - Suivre la mise en place de CI/CD - Définir et mise en place du release management - Veiller au respect des règles de gouvernance et de sécurité informatiqu Je recherche un PMO Junior Objectifs de la mission Le stream Simulation fournit les API de simulation ainsi les outils de points de vente aux commerçants permettant aux clients de souscrire aux produits en marque blanche. Prestations demandées - Suivre les plan d'actions avec les équipes internes (Arval) et le partenaire externe - Suivre les risques et dépendances avec les parties prenantes : API design authority, architecture, infrastructure and applications, cyber security, ... - Animer les synchronisation des squads pendant la phase de Testing d'intégration et de UAT - Préparer et animer les comités opérationnels et de pilotage - Contribuer à la définition des process de mise en production de nouveaux assets (ex. API) - Suivre la mise en place de CI/CD - Définir et mise en place du release management - Veiller au respect des règles de gouvernance et de sécurité informatiqu Voir plus ",Estimation de l'employeur:€50 - €56 Par heure,https://www.glassdoor.fr/partner/jobListing.htm?pos=117&ao=1110586&s=58&guid=00000182b0a6667c9e0f48a59a92422c&src=GD_JOB_AD&t=SR&vt=w&cs=1_0e59654c&cb=1660821071966&jobListingId=1008076375543&cpc=654405A9B1E0A9F5&jrtk=3-0-1gaoacppukhoo801-1gaoacpqdg2ok800-bca57b577a4ac148--6NYlbfkN0AHHRM07jvZ_9CBb8QXW1-TjD3eGHqqfxA2uagtxfXOarXqP_IanWTdE2Rku-oimkShn4X46DnUXKx83LddW5a-b3Bdajitrdk3mw_SxeyabgixJHVp8SnO69lPXNaF8pjDSw8gVL2Pw8vKbM1tweVYEahu2khGbw4Zdxj4D6uDDKI3pSb49eFOeQcg_dD2TW403yisiD7Jn3o4-BTQz1HyKMjGe9J2Xqvu4kpcnthFs7UN7mosDIr_N1MmvVNS7aR49UdnprBVKE3Nud_cp5WhhkI7sFGjLnibaERDN3YF5FikqDu81IXvazeZwkoQgcUCWqVDXglPiolSHrWLj0YrbYNcFZEW1t8-x_eWi54DmPnPzzqx6BIixdXpLAD4yO6k9vSeqk0Zq02ofRoN3cnpTQ5wk7KeaNPPFS3oL15YyySG-xiXcnKngMw5eUp2-XUhc3dtlnJtv0h_QZ0Tl4IbjB4M0jLPnP55hsjGYJXIaDaqNUe_Vty4VZqh-br2p7SC51EF6RFQLDyvmS30AbWmxGcVS3THTHK6pW72uX2zPDG-GToJeuQzZeGpoMfUM4_7Khl7mdepMw%3D%3D,"Neuilly, France",De 51 à 200 employés
WorldWide People,NA,Analyste Cyber Sécurité Lyon / Freelance,Lyon,"Analyste Cyber Sécurité La mission est pour le département SOC de notre client en charge de la supervision et de l'administration de la sécurité du SI. Vous interviendrez au sein de l'équipe pour traiter les incidents identifiés : caractérisation, analyse, traitement, Qualifications: Network Security,Safety Engineering,Network Support Analyste Cyber Sécurité La mission est pour le département SOC de notre client en charge de la supervision et de l'administration de la sécurité du SI. Vous interviendrez au sein de l'équipe pour traiter les incidents identifiés : caractérisation, analyse, traitement, Qualifications: Network Security,Safety Engineering,Network Support Voir plus ",Estimation de l'employeur:€50 - €75 Par heure,https://www.glassdoor.fr/partner/jobListing.htm?pos=115&ao=1110586&s=58&guid=00000182b0a6667c9e0f48a59a92422c&src=GD_JOB_AD&t=SR&vt=w&cs=1_5f1ef395&cb=1660821071966&jobListingId=1007828874299&cpc=654405A9B1E0A9F5&jrtk=3-0-1gaoacppukhoo801-1gaoacpqdg2ok800-ab85086cef730b9b--6NYlbfkN0AHHRM07jvZ_9CBb8QXW1-TjD3eGHqqfxA2uagtxfXOarXqP_IanWTdE2Rku-oimkQIEWgpz4JxdVrj2DvNSDDP8ds5ygV_VVk3YfwvzI2m1upli7yVB1iLOl1KY5DwztgZ8oqCoCV25vtSBkxlFKjg4_l37F05h5lLzFCr7UuOeM0ZMww74BDGBWcNS6nRt710Kg0RV1stp1hsjSrrsWw1FYk9WJwGEiFcXnwWKgS-iSzGUJjUHlfEMm0nbzm2MyZVIGJWi-VQBQrhL8hMfR-SqxbzKRxsxaLXdhUztzPAMLntecPUpe1UwYj3282iGk7n_-yrsbawrWdBVUjz4mYk3mgtsNzZ5kuCD8LscGsAD84W2GWV0LVmRYaP-DeQpMmOxrnHOeGbBfpVmYuCLSx3n1MuprBn8XONJDySFfz0u6fkS3hqRyONMgIJafvX_-FAdMiSM9Cy619QB8ktjf776UXZEEOMeZKufeZSsZYB_l9hSKhFjL119lpNPsFkm78kRpyce54lWbPloxZvAI2blVY0-No6YcRNmqYg2mihph-xzvGkEh1pv-nN3Pegh9OUThS4Gh9GRR_n7A468n4y4EHEim9vh8I%3D,"Haverfordwest, Royaume-Uni",Inconnu
BEEZEN,3.3,Project Manager KPIs & Governance / Freelance,Paris,"je recherhce pour un de mes clients un Project Manager KPIs & Governance anglais fluent Prestations demandées L'entité Architecture Technique de la division Corporate and Institutionnel Banking joue une rôle clé dans cette évolution majeure. Responsable de s'assurer que sa stratégie technologique répond aux enjeux de CIB, l'entité TA intervient dans cet environnement dynamique, international, bilingue anglais-francais. Elle est notamment en charge d'un projet d'amélioration de la gestion d'obsolescence, inscrit dans le cadre d'un programme majeur de refonte des processus et de l'IT Project Manager KPIs & Governance Planification, organisation et animation d'ateliers de travail avec les autres entités IT (Business lines, Production, Cyber Securité, IT Groupe ) afin de définir Une stratégie et des métriques / KPI de mesure et priorisation d'obsolescence, à tous les niveaux: Hardware, Software, Applicatif, End User Computing, Datacentre & Networking Une gouvernance unifiée de la gestion d'obsolescence pour toutes les entités et toutes les régions (EMEA, APAC, AMER) Les outils en charge de la production de ces KPIs et leur stratégie d'implémentation Reporting au niveau du projet et du programme sur l'avancement des différents sujets Environnement Technique Database management - ORACLE ENTREPRISE EDITION Database management - MICROSOFT SQL Server Development Tools / Methodology - SONAR Development Tools / Methodology - JETBRAINS INTELLIJ IDEA Development Tools / Methodology - ECLIPSE Groupware - MICROSOFT EXCHANGE - OUTLOOK IHM - HTML 5 IHM - JAVASCRIPT Language - C# Language - JAVA Language - PYTHON Language - GO Middleware - TIBCO ActiveMatrix BusinessWorks Middleware - IBM WebSphere MQ Middleware - APACHE TOMCAT Middleware - IBM WebSphere Application Server Security - CA SiteMinder Système d'exploitation - LINUX REDHAT Workstations - ORACLE (Sun) JAVE RUNTIME ENVIRONEMENT (JRE) Gestion des Identités et des Accès SAILPOINT IQ Web API REST Web Java Spring Web Angular je recherhce pour un de mes clients un Project Manager KPIs & Governance anglais fluent Prestations demandées L'entité Architecture Technique de la division Corporate and Institutionnel Banking joue une rôle clé dans cette évolution majeure. Responsable de s'assurer que sa stratégie technologique répond aux enjeux de CIB, l'entité TA intervient dans cet environnement dynamique, international, bilingue anglais-francais. Elle est notamment en charge d'un projet d'amélioration de la gestion d'obsolescence, inscrit dans le cadre d'un programme majeur de refonte des processus et de l'IT Project Manager KPIs & Governance Planification, organisation et animation d'ateliers de travail avec les autres entités IT (Business lines, Production, Cyber Securité, IT Groupe ) afin de définir Une stratégie et des métriques / KPI de mesure et priorisation d'obsolescence, à tous les niveaux: Hardware, Software, Applicatif, End User Computing, Datacentre & Networking Une gouvernance unifiée de la gestion d'obsolescence pour toutes les entités et toutes les régions (EMEA, APAC, AMER) Les outils en charge de la production de ces KPIs et leur stratégie d'implémentation Reporting au niveau du projet et du programme sur l'avancement des différents sujets Environnement Technique Database management - ORACLE ENTREPRISE EDITION Database management - MICROSOFT SQL Server Development Tools / Methodology - SONAR Development Tools / Methodology - JETBRAINS INTELLIJ IDEA Development Tools / Methodology - ECLIPSE Groupware - MICROSOFT EXCHANGE - OUTLOOK IHM - HTML 5 IHM - JAVASCRIPT Language - C# Language - JAVA Language - PYTHON Language - GO Middleware - TIBCO ActiveMatrix BusinessWorks Middleware - IBM WebSphere MQ Middleware - APACHE TOMCAT Middleware - IBM WebSphere Application Server Security - CA SiteMinder Système d'exploitation - LINUX REDHAT Workstations - ORACLE (Sun) JAVE RUNTIME ENVIRONEMENT (JRE) Gestion des Identités et des Accès SAILPOINT IQ Web API REST Web Java Spring Web Angular Voir plus ",Estimation de l'employeur:€69 - €78 Par heure,https://www.glassdoor.fr/partner/jobListing.htm?pos=206&ao=1110586&s=58&guid=00000182b0a75a76af3652ba8bbddba3&src=GD_JOB_AD&t=SR&vt=w&cs=1_e1bc03c0&cb=1660821134656&jobListingId=1008007703233&cpc=654405A9B1E0A9F5&jrtk=3-0-1gaoaeml2i6it801-1gaoaemlkgfph800-7e2e68a0ec9812e1--6NYlbfkN0AHHRM07jvZ_9CBb8QXW1-TjD3eGHqqfxA2uagtxfXOarXqP_IanWTdE2Rku-oimkSWBJabZpI_-Ihb4aWd-rSePXEkok-cK95O0gUAJ5QFqM-dmnnYxkEQNmOIGFOKKzN7BUD_ik3BXnJq37TtVhRPUUKfdIyWaTmSonlhgGdUy3W8_E1haVgnB8NDx_eJE4vw19he9TlTc7ud-wsyl7_dFaKC8IkifeFTMoQ5dn7JH2B7gk8S_MBCjxDePndcssFrfMEplkRxLORc-ebzPgdhrFVvq4oudWdsBoyDLQ0ldXuTvTcH0eeM_6khUIstquBRTWo5l2O0Z3biO4X5M7h5X_4tz3syjPtifwD62atP6Jk2X4ZV-aJrWczuqORXW8wTzOV3AAVroa3_r31j3i_mswpvaXzqN2HbPz91LRRgU8-jwppRLREI30kK8M5vit0MiMQ0U85L4lWmsC4shayVPVWGRPAOFfUt0qG7vzLtNv8R-60LttD_aXfKs5DI75AJPsxuQNHkMlSJseqQeGCSBUFC7EDEDqCSLQs3TlW75x_DrRqfCUmQIgetQ02h6U-viT_1YZ0OrhlG1TfifDFypD4Y2-djteJJ2n5MhwdCvA%3D%3D,"Neuilly, France",De 51 à 200 employés
BEEZEN,3.3,Project Manager KPIs & Governance / Freelance,Paris,"je recherhce pour un de mes clients un Project Manager KPIs & Governance anglais fluent Prestations demandées L'entité Architecture Technique de la division Corporate and Institutionnel Banking joue une rôle clé dans cette évolution majeure. Responsable de s'assurer que sa stratégie technologique répond aux enjeux de CIB, l'entité TA intervient dans cet environnement dynamique, international, bilingue anglais-francais. Elle est notamment en charge d'un projet d'amélioration de la gestion d'obsolescence, inscrit dans le cadre d'un programme majeur de refonte des processus et de l'IT Project Manager KPIs & Governance Planification, organisation et animation d'ateliers de travail avec les autres entités IT (Business lines, Production, Cyber Securité, IT Groupe ) afin de définir Une stratégie et des métriques / KPI de mesure et priorisation d'obsolescence, à tous les niveaux: Hardware, Software, Applicatif, End User Computing, Datacentre & Networking Une gouvernance unifiée de la gestion d'obsolescence pour toutes les entités et toutes les régions (EMEA, APAC, AMER) Les outils en charge de la production de ces KPIs et leur stratégie d'implémentation Reporting au niveau du projet et du programme sur l'avancement des différents sujets Environnement Technique Database management - ORACLE ENTREPRISE EDITION Database management - MICROSOFT SQL Server Development Tools / Methodology - SONAR Development Tools / Methodology - JETBRAINS INTELLIJ IDEA Development Tools / Methodology - ECLIPSE Groupware - MICROSOFT EXCHANGE - OUTLOOK IHM - HTML 5 IHM - JAVASCRIPT Language - C# Language - JAVA Language - PYTHON Language - GO Middleware - TIBCO ActiveMatrix BusinessWorks Middleware - IBM WebSphere MQ Middleware - APACHE TOMCAT Middleware - IBM WebSphere Application Server Security - CA SiteMinder Système d'exploitation - LINUX REDHAT Workstations - ORACLE (Sun) JAVE RUNTIME ENVIRONEMENT (JRE) Gestion des Identités et des Accès SAILPOINT IQ Web API REST Web Java Spring Web Angular je recherhce pour un de mes clients un Project Manager KPIs & Governance anglais fluent Prestations demandées L'entité Architecture Technique de la division Corporate and Institutionnel Banking joue une rôle clé dans cette évolution majeure. Responsable de s'assurer que sa stratégie technologique répond aux enjeux de CIB, l'entité TA intervient dans cet environnement dynamique, international, bilingue anglais-francais. Elle est notamment en charge d'un projet d'amélioration de la gestion d'obsolescence, inscrit dans le cadre d'un programme majeur de refonte des processus et de l'IT Project Manager KPIs & Governance Planification, organisation et animation d'ateliers de travail avec les autres entités IT (Business lines, Production, Cyber Securité, IT Groupe ) afin de définir Une stratégie et des métriques / KPI de mesure et priorisation d'obsolescence, à tous les niveaux: Hardware, Software, Applicatif, End User Computing, Datacentre & Networking Une gouvernance unifiée de la gestion d'obsolescence pour toutes les entités et toutes les régions (EMEA, APAC, AMER) Les outils en charge de la production de ces KPIs et leur stratégie d'implémentation Reporting au niveau du projet et du programme sur l'avancement des différents sujets Environnement Technique Database management - ORACLE ENTREPRISE EDITION Database management - MICROSOFT SQL Server Development Tools / Methodology - SONAR Development Tools / Methodology - JETBRAINS INTELLIJ IDEA Development Tools / Methodology - ECLIPSE Groupware - MICROSOFT EXCHANGE - OUTLOOK IHM - HTML 5 IHM - JAVASCRIPT Language - C# Language - JAVA Language - PYTHON Language - GO Middleware - TIBCO ActiveMatrix BusinessWorks Middleware - IBM WebSphere MQ Middleware - APACHE TOMCAT Middleware - IBM WebSphere Application Server Security - CA SiteMinder Système d'exploitation - LINUX REDHAT Workstations - ORACLE (Sun) JAVE RUNTIME ENVIRONEMENT (JRE) Gestion des Identités et des Accès SAILPOINT IQ Web API REST Web Java Spring Web Angular Voir plus ",Estimation de l'employeur:€69 - €78 Par heure,https://www.glassdoor.fr/partner/jobListing.htm?pos=406&ao=1110586&s=58&guid=00000182b0a8c0e590e8e645ee1ed93a&src=GD_JOB_AD&t=SR&vt=w&cs=1_3bc81c8a&cb=1660821226025&jobListingId=1008007703233&cpc=654405A9B1E0A9F5&jrtk=3-0-1gaoahg96kui2801-1gaoahg9jk24j800-7e2e68a0ec9812e1--6NYlbfkN0AHHRM07jvZ_9CBb8QXW1-TjD3eGHqqfxA2uagtxfXOarXqP_IanWTdE2Rku-oimkSWBJabZpI_-Ihb4aWd-rSePXEkok-cK95O0gUAJ5QFqM-dmnnYxkEQNmOIGFOKKzN7BUD_ik3BXnJq37TtVhRPUUKfdIyWaTmSonlhgGdUyxw7pph8DylLnscS663lyxQbM6y8auldI9A_Z3N4eeEoHsCoXVy4dVYfbQTPCE6PKf6H-N1xG_6TKHurr4I4ipMGruzSk_QtztjA4xBQQok_kxmYImPYtyb_3qiakjTCf4S_pzC4btT3dBl7qMCRz9_s_cwNlmk0XfrWO9boT8u9pyig4vT254ty_pTgY9vA-EBXYcaLSsi0HtDejIswJll1-OItXqANi8GsU-774L7myWpIQXuwEoUcoytWEDMwS7LUUhxHbTdi5LHYfh7dNQCfOe0g57WCI5Bz7kXaNeZIw8RmWuW-pGsgR98LR2reQ5MCJ5lXRqip_OyF4cwwwv-InwhWfrZUjmYCOuy_YpgpyflQE3m-POja0dGtE54AcDs-KX623t5E5P24rL1u_hASBxsj8Espg6NwmvaPixpKKYr7kUyc0FCZOLGXyLCOxQ%3D%3D,"Neuilly, France",De 51 à 200 employés
BEEZEN,3.3,Project Manager KPIs & Governance / Freelance,Paris,"je recherhce pour un de mes clients un Project Manager KPIs & Governance anglais fluent Prestations demandées L'entité Architecture Technique de la division Corporate and Institutionnel Banking joue une rôle clé dans cette évolution majeure. Responsable de s'assurer que sa stratégie technologique répond aux enjeux de CIB, l'entité TA intervient dans cet environnement dynamique, international, bilingue anglais-francais. Elle est notamment en charge d'un projet d'amélioration de la gestion d'obsolescence, inscrit dans le cadre d'un programme majeur de refonte des processus et de l'IT Project Manager KPIs & Governance Planification, organisation et animation d'ateliers de travail avec les autres entités IT (Business lines, Production, Cyber Securité, IT Groupe ) afin de définir Une stratégie et des métriques / KPI de mesure et priorisation d'obsolescence, à tous les niveaux: Hardware, Software, Applicatif, End User Computing, Datacentre & Networking Une gouvernance unifiée de la gestion d'obsolescence pour toutes les entités et toutes les régions (EMEA, APAC, AMER) Les outils en charge de la production de ces KPIs et leur stratégie d'implémentation Reporting au niveau du projet et du programme sur l'avancement des différents sujets Environnement Technique Database management - ORACLE ENTREPRISE EDITION Database management - MICROSOFT SQL Server Development Tools / Methodology - SONAR Development Tools / Methodology - JETBRAINS INTELLIJ IDEA Development Tools / Methodology - ECLIPSE Groupware - MICROSOFT EXCHANGE - OUTLOOK IHM - HTML 5 IHM - JAVASCRIPT Language - C# Language - JAVA Language - PYTHON Language - GO Middleware - TIBCO ActiveMatrix BusinessWorks Middleware - IBM WebSphere MQ Middleware - APACHE TOMCAT Middleware - IBM WebSphere Application Server Security - CA SiteMinder Système d'exploitation - LINUX REDHAT Workstations - ORACLE (Sun) JAVE RUNTIME ENVIRONEMENT (JRE) Gestion des Identités et des Accès SAILPOINT IQ Web API REST Web Java Spring Web Angular je recherhce pour un de mes clients un Project Manager KPIs & Governance anglais fluent Prestations demandées L'entité Architecture Technique de la division Corporate and Institutionnel Banking joue une rôle clé dans cette évolution majeure. Responsable de s'assurer que sa stratégie technologique répond aux enjeux de CIB, l'entité TA intervient dans cet environnement dynamique, international, bilingue anglais-francais. Elle est notamment en charge d'un projet d'amélioration de la gestion d'obsolescence, inscrit dans le cadre d'un programme majeur de refonte des processus et de l'IT Project Manager KPIs & Governance Planification, organisation et animation d'ateliers de travail avec les autres entités IT (Business lines, Production, Cyber Securité, IT Groupe ) afin de définir Une stratégie et des métriques / KPI de mesure et priorisation d'obsolescence, à tous les niveaux: Hardware, Software, Applicatif, End User Computing, Datacentre & Networking Une gouvernance unifiée de la gestion d'obsolescence pour toutes les entités et toutes les régions (EMEA, APAC, AMER) Les outils en charge de la production de ces KPIs et leur stratégie d'implémentation Reporting au niveau du projet et du programme sur l'avancement des différents sujets Environnement Technique Database management - ORACLE ENTREPRISE EDITION Database management - MICROSOFT SQL Server Development Tools / Methodology - SONAR Development Tools / Methodology - JETBRAINS INTELLIJ IDEA Development Tools / Methodology - ECLIPSE Groupware - MICROSOFT EXCHANGE - OUTLOOK IHM - HTML 5 IHM - JAVASCRIPT Language - C# Language - JAVA Language - PYTHON Language - GO Middleware - TIBCO ActiveMatrix BusinessWorks Middleware - IBM WebSphere MQ Middleware - APACHE TOMCAT Middleware - IBM WebSphere Application Server Security - CA SiteMinder Système d'exploitation - LINUX REDHAT Workstations - ORACLE (Sun) JAVE RUNTIME ENVIRONEMENT (JRE) Gestion des Identités et des Accès SAILPOINT IQ Web API REST Web Java Spring Web Angular Voir plus ",Estimation de l'employeur:€69 - €78 Par heure,https://www.glassdoor.fr/partner/jobListing.htm?pos=506&ao=1110586&s=58&guid=00000182b0a96b319b9674d22cf8df50&src=GD_JOB_AD&t=SR&vt=w&cs=1_5101e307&cb=1660821269641&jobListingId=1008007703233&cpc=654405A9B1E0A9F5&jrtk=3-0-1gaoaiqrjkhoq801-1gaoaiqsdgsog800-7e2e68a0ec9812e1--6NYlbfkN0AHHRM07jvZ_9CBb8QXW1-TjD3eGHqqfxA2uagtxfXOarXqP_IanWTdE2Rku-oimkSWBJabZpI_-Ihb4aWd-rSePXEkok-cK95O0gUAJ5QFqM-dmnnYxkEQNmOIGFOKKzN7BUD_ik3BXnJq37TtVhRPUUKfdIyWaTmSonlhgGdUyxgvgRfh0CISSNGq_tCMBJrWYneaQxWd3-GsNXF_fP9zh-zeYoVORiO5mbLHGBCtqCHMbilmsiUh6kH9St55F5UkJ_2uZIOPtKEW13ZFtwBcT0_7LkvdxLJRSnpvxAKhxR3-gEjoX67KVvhmM81bAp5_yWgqX2_N4ghaUOoES6tQJ6zb3Z4d8VYAVerm9qUYRnAsIj4SCZO7ZTu0875klp5zI-uWn8b-W13U94UVtnQsBY3S7qWN7wCty8eUfDgvuzO4mbnG0pPR7y-OQneXe-UXUEN4jw36eGH9jz1Mpp50IsXEZJ5ApOFq290ec0Rj7G8My5-1jiLNVcy_p1GoV_6jvgzkDWGKSn2mcGlakkMZPX5XIA9sVzPrNFj0aNBMSQets-JASCUBiZJewpr-S_qFMvHUfdJ1lzCjeR_Lc7qOnM-hUsJE0bhS0xv9GspR7g%3D%3D,"Neuilly, France",De 51 à 200 employés
Nexans France,3.9,Apprentice - IS Coordinator – IT Project Management (F/M),Courbevoie,"Apprentice - IS Coordinator – IT Project Management (F/M)OrganisationFonction : ISPays : FranceSite : Le VinciContexteCurrently, IS Purchasing Domain manager is handling multiple global co-ordination topics besides Purchasing application. These topics are CyberSecurity, RPA, PowerApps, Standardization and DocuSign application. To manage these global topics, regular follow up with other domain managers and other stakeholders is required. It also requires expertise in areas of RPA, Application development, Support, and global tools such as DocuSign, UiPath and MS Power Platform. The apprenti is expected to handle these global co-ordination topics and tools with guidance/support from IS Purchasing Domain manager.Raison d’être du posteSupport IS Purchasing Domain Manager on global co-ordination subjects such as Cyber security, RPA, PowerPlatform and Standardization.DocuSign user management and trainingDomaines de responsabilitésFollow up and co-ordinate with all IS Domain Managers and Security experts on Cyber security initiatives and track progress on security compliance (CyberArk, SSO, SOC)Co-ordinate with all IS Domain Managers and Suppliers on RPA and Power Platform topics :Collection and follow up of IT Demand for UiPath and Powerplatform topicsDocument and capture the Governance points of IT Demand committee meetingsManage build and run documentationsCo-ordinate with all IS Domain Managers on Standardization of IS activities and documentationsManaging the DocuSign user requests and conduct monthly trainingsRésultats attendusIS Domain managers ensure that their applications are compliant to security initiatives.Project management support for new build projects in the space of RPA and Power Platform. All documentations are up to dateDocumentations for Standardization are up to dateOptimum utilization of DocuSign tool and regular trainings globallyDimension du posteThe apprenti will report to IS Purchasing Domain managerCompétences Et Qualifications RequisesEnglish, FrenchComputer Science or IT related educational backgroundFull time availabilityAutonomousGood communication skillsUnderstanding of IT business, IT frameworks (such as ITIL), Software Development Lifecycle, Project Methodologies (Waterfall, Agile)MS Office(Optional) Knowledge in DocuSign and RPA tools such as UiPath, PowerAutomate, etc.At Nexans, we recognize the differences that make each employee valuable and unique. The diversity of experiences, origins, personalities, gender and disability are considered key to our global ambition to lead the world in energy transition towards a sustainable planet. This is why we encourage diversity in our recruitment - Bring yours to Nexans, it is welcome!Type d'emploi : Temps plein, AlternanceSalaire : 995,50€ à 1 810,10€ par moisAvantages :Épargne salarialeParticipation au TransportRTTHoraires :Périodes de travail de 8 heuresFormation:Bac +4 (Maîtrise) (Optionnel)Langue:Anglais (Exigé)Date de début prévue : 05/09/2022 Apprentice - IS Coordinator – IT Project Management (F/M)OrganisationFonction : ISPays : FranceSite : Le VinciContexteCurrently, IS Purchasing Domain manager is handling multiple global co-ordination topics besides Purchasing application. These topics are CyberSecurity, RPA, PowerApps, Standardization and DocuSign application. To manage these global topics, regular follow up with other domain managers and other stakeholders is required. It also requires expertise in areas of RPA, Application development, Support, and global tools such as DocuSign, UiPath and MS Power Platform. The apprenti is expected to handle these global co-ordination topics and tools with guidance/support from IS Purchasing Domain manager.Raison d’être du posteSupport IS Purchasing Domain Manager on global co-ordination subjects such as Cyber security, RPA, PowerPlatform and Standardization.DocuSign user management and trainingDomaines de responsabilitésFollow up and co-ordinate with all IS Domain Managers and Security experts on Cyber security initiatives and track progress on security compliance (CyberArk, SSO, SOC)Co-ordinate with all IS Domain Managers and Suppliers on RPA and Power Platform topics :Collection and follow up of IT Demand for UiPath and Powerplatform topicsDocument and capture the Governance points of IT Demand committee meetingsManage build and run documentationsCo-ordinate with all IS Domain Managers on Standardization of IS activities and documentationsManaging the DocuSign user requests and conduct monthly trainingsRésultats attendusIS Domain managers ensure that their applications are compliant to security initiatives.Project management support for new build projects in the space of RPA and Power Platform. All documentations are up to dateDocumentations for Standardization are up to dateOptimum utilization of DocuSign tool and regular trainings globallyDimension du posteThe apprenti will report to IS Purchasing Domain managerCompétences Et Qualifications RequisesEnglish, FrenchComputer Science or IT related educational backgroundFull time availabilityAutonomousGood communication skillsUnderstanding of IT business, IT frameworks (such as ITIL), Software Development Lifecycle, Project Methodologies (Waterfall, Agile)MS Office(Optional) Knowledge in DocuSign and RPA tools such as UiPath, PowerAutomate, etc.At Nexans, we recognize the differences that make each employee valuable and unique. The diversity of experiences, origins, personalities, gender and disability are considered key to our global ambition to lead the world in energy transition towards a sustainable planet. This is why we encourage diversity in our recruitment - Bring yours to Nexans, it is welcome!Type d'emploi : Temps plein, AlternanceSalaire : 995,50€ à 1 810,10€ par moisAvantages :Épargne salarialeParticipation au TransportRTTHoraires :Périodes de travail de 8 heuresFormation:Bac +4 (Maîtrise) (Optionnel)Langue:Anglais (Exigé)Date de début prévue : 05/09/2022 Voir plus ","Estimation de l'employeur:€11,946 - €21,721 ",https://www.glassdoor.fr/partner/jobListing.htm?pos=522&ao=1136043&s=58&guid=00000182b0a96b319b9674d22cf8df50&src=GD_JOB_AD&t=SR&vt=w&ea=1&cs=1_d1b528dc&cb=1660821269644&jobListingId=1007958435402&jrtk=3-0-1gaoaiqrjkhoq801-1gaoaiqsdgsog800-1e22b8ab1a069969-,"Paris, France",Plus de 10 000 employés
